Name,Price,MPN,URL
ULT POWER SOUND series | ULT WEAR Wireless Noise Canceling Headphones,119.0,WHULT900NB.CE7,https://www.sony.co.uk/store/product/whult900nb.ce7/ULT-POWER-SOUND-series-ULT-WEAR-Wireless-Noise-Canceling-Headphones
WF-1000XM5 Wireless Noise Cancelling Headphones,219.0,WF1000XM5P.CE7,https://www.sony.co.uk/store/product/wf1000xm5p.ce7/WF-1000XM5-Wireless-Noise-Cancelling-Headphones
LinkBuds series | LinkBuds Fit Wireless Noise Canceling Headphones,149.0,WFLS910NB.CE7,https://www.sony.co.uk/store/product/wfls910nb.ce7/LinkBuds-series-LinkBuds-Fit-Wireless-Noise-Canceling-Headphones
WH-1000XM5 Wireless Noise Cancelling Headphones,249.0,WH1000XM5L.CE7,https://www.sony.co.uk/store/product/wh1000xm5l.ce7/WH-1000XM5-Wireless-Noise-Cancelling-Headphones
WH-CH720N Wireless Noise Cancelling Headphones,74.99,WHCH720NP.CE7,https://www.sony.co.uk/store/product/whch720np.ce7/WH-CH720N-Wireless-Noise-Cancelling-Headphones
WF-C710N Wireless Noise Cancelling Headphones,99.99,WFC710NB.CE7,https://www.sony.co.uk/store/product/wfc710nb.ce7/WF-C710N-Wireless-Noise-Cancelling-Headphones
LinkBuds S,119.0,WFLS900NB.CE7,https://www.sony.co.uk/store/product/wfls900nb.ce7/LinkBuds-S
WF-C700N Wireless Noise Cancelling Headphones,69.99,WFC700NG.CE7,https://www.sony.co.uk/store/product/wfc700ng.ce7/WF-C700N-Wireless-Noise-Cancelling-Headphones
WH-1000XM4 Wireless Noise Cancelling Headphones,199.0,WH1000XM4B.CE7,https://www.sony.co.uk/store/product/wh1000xm4b.ce7/WH-1000XM4-Wireless-Noise-Cancelling-Headphones
LinkBuds series | LinkBuds Open Wireless Headphones,149.0,WFL910B.CE7,https://www.sony.co.uk/store/product/wfl910b.ce7/LinkBuds-series-LinkBuds-Open-Wireless-Headphones
WH-CH520 Wireless Headphones,39.0,WHCH520P.CE7,https://www.sony.co.uk/store/product/whch520p.ce7/WH-CH520-Wireless-Headphones
WF-C510 Truly Wireless Headphones,42.03,WFC510Y.CE7,https://www.sony.co.uk/store/product/wfc510y.ce7/WF-C510-Truly-Wireless-Headphones
INZONE H5 Wireless Gaming Headset,129.0,WHG500W.CE7,https://www.sony.co.uk/store/product/whg500w.ce7/INZONE-H5-Wireless-Gaming-Headset
INZONE Buds Truly Wireless Noise Cancelling Gaming Earbuds,179.0,WFG700NW.CE7,https://www.sony.co.uk/store/product/wfg700nw.ce7/INZONE-Buds-Truly-Wireless-Noise-Cancelling-Gaming-Earbuds
INZONE H9 Wireless Noise Cancelling Gaming Headset,229.0,WHG900NW.CE7,https://www.sony.co.uk/store/product/whg900nw.ce7/INZONE-H9-Wireless-Noise-Cancelling-Gaming-Headset
MDR-M1 Closed Monitor Headphones,209.0,MDRM1.WW2,https://www.sony.co.uk/store/product/mdrm1.ww2/MDR-M1-Closed-Monitor-Headphones
MDR-MV1 Open Back Studio Monitor Headphones,399.0,MDR-MV1,https://www.sony.co.uk/store/product/mdr-mv1/MDR-MV1-Open-Back-Studio-Monitor-Headphones
LinkBuds series | Air Fitting Supporters for LinkBuds Open,8.0,HACL910SB.WW,https://www.sony.co.uk/store/product/hacl910sb.ww/LinkBuds-series-Air-Fitting-Supporters-for-LinkBuds-Open
LinkBuds series | Air Fitting Supporters for LinkBuds Fit,8.0,HACLS910NSL.WW,https://www.sony.co.uk/store/product/hacls910nsl.ww/LinkBuds-series-Air-Fitting-Supporters-for-LinkBuds-Fit
LinkBuds series | Case Cover for LinkBuds Open,17.0,HACL910CL.WW,https://www.sony.co.uk/store/product/hacl910cl.ww/LinkBuds-series-Case-Cover-for-LinkBuds-Open
LinkBuds series | Case Cover for LinkBuds Fit,17.0,HACLS910NCV.WW,https://www.sony.co.uk/store/product/hacls910ncv.ww/LinkBuds-series-Case-Cover-for-LinkBuds-Fit
ZX110 Headphones,15.0,MDRZX110B.AE,https://www.sony.co.uk/store/product/mdrzx110b.ae/ZX110-Headphones
MDR-ZX310 / ZX310AP Headphones,18.0,MDRZX310APB.CE7,https://www.sony.co.uk/store/product/mdrzx310apb.ce7/MDR-ZX310-ZX310AP-Headphones
MDR-7506 Stereo professional headphones,86.0,MDR7506.EU,https://www.sony.co.uk/store/product/mdr7506.eu/MDR-7506-Stereo-professional-headphones
EP-NI1010SS/NI1010S/EP-NI1010M/EP-NI1010L Noise Isolation Earbud Tips,0.0,EPNI1010L.WW,https://www.sony.co.uk/store/product/epni1010l.ww/EP-NI1010SS-NI1010S-EP-NI1010M-EP-NI1010L-Noise-Isolation-Earbud-Tips
MDR-EX15LP / 15AP In-ear Headphones,10.0,MDREX15LPB.AE,https://www.sony.co.uk/store/product/mdrex15lpb.ae/MDR-EX15LP-15AP-In-ear-Headphones
MDR-EX110AP In-ear Headphones,14.99,MDREX110APR.CE7,https://www.sony.co.uk/store/product/mdrex110apr.ce7/MDR-EX110AP-In-ear-Headphones
MDR-EX155AP In-ear Headphones,18.0,MDREX155APB.AE,https://www.sony.co.uk/store/product/mdrex155apb.ae/MDR-EX155AP-In-ear-Headphones
WI-C100 Wireless In-ear Headphones,29.0,WIC100C.CE7,https://www.sony.co.uk/store/product/wic100c.ce7/WI-C100-Wireless-In-ear-Headphones
MDR-EX650AP In-ear Headphones,40.0,MDREX650APT.CE7,https://www.sony.co.uk/store/product/mdrex650apt.ce7/MDR-EX650AP-In-ear-Headphones
LinkBuds,149.0,WFL900H.CE7,https://www.sony.co.uk/store/product/wfl900h.ce7/LinkBuds
INZONE H3 Wired Gaming Headset,55.0,MDRG300W.CE7,https://www.sony.co.uk/store/product/mdrg300w.ce7/INZONE-H3-Wired-Gaming-Headset
Z1R Premium Headphones,1650.0,MDRZ1R.WW2,https://www.sony.co.uk/store/product/mdrz1r.ww2/Z1R-Premium-Headphones
